﻿{"inkVersion":21,"root":[["^Oh you're here for class?","\n","ev","str","^Yes","/str","/ev",{"*":"0.c-0","flg":20},{"c-0":["^ Yes i am sir. ","\n","^Ok great, have a seat, class will start in a couple of minutes.","\n",["ev","str","^Ok","/str","/ev",{"*":".^.c-0","flg":20},{"c-0":["^ Ok cool ","\n",[["ev",{"^->":"0.c-0.4.c-0.2.0.$r1"},{"temp=":"$r"},"str",{"->":".^.s"},[{"#n":"$r1"}],"/str","/ev",{"*":".^.^.c-0","flg":18},{"s":["^Close",{"->":"$r","var":true},null]}],{"c-0":["ev",{"^->":"0.c-0.4.c-0.2.c-0.$r2"},"/ev",{"temp=":"$r"},{"->":".^.^.0.s"},[{"#n":"$r2"}],"end","\n",{"->":"0.g-0"},{"#f":5}]}],{"#f":5}]}],{"#f":5}],"g-0":["done",{"#f":5}]}],"done",{"#f":1}],"listDefs":{}}