﻿{"inkVersion":21,"root":[["^Ah are you ready for your Progress Presentation?","\n","ev","str","^Yes","/str","/ev",{"*":"0.c-0","flg":20},"ev","str","^Maybe","/str","/ev",{"*":"0.c-1","flg":20},{"c-0":["^ Yes sir, I am ready to begin.","\n",{"->":"0.g-0"},{"#f":5}],"c-1":["^ I think i am, we can begin.","\n","^Great, Lets Begin.","\n",{"->":"0.g-0"},{"#f":5}],"g-0":[{"->":"Divert1"},["done",{"#f":5,"#n":"g-1"}],{"#f":5}]}],"done",{"Divert1":[["^\"Start with the introduction\"","\n","ev","str","^Good day","/str","/ev",{"*":".^.c-0","flg":20},{"c-0":["^ A pleasent good day to the examination pannel, Mr. M......","\n",{"->":".^.^.g-0"},{"#f":5}],"g-0":["ev","str","^Introduce topic","/str","/ev",{"*":".^.c-1","flg":20},{"c-1":["^ The topic for my ECNG 3020 project is.....","\n",{"->":".^.^.^.g-1"},{"#f":5}],"#f":5}],"g-1":["ev","str","^List objectives","/str","/ev",{"*":".^.c-2","flg":20},{"c-2":["^ The objectives for this project are...","\n",{"->":".^.^.^.g-2"},{"#f":5}],"#f":5}],"g-2":["ev","str","^List presentation format","/str","/ev",{"*":".^.c-3","flg":20},{"c-3":["^ In this presentation i will discusss four sections: the design, method, current results and analysis of results. ","\n",{"->":".^.^.^.g-3"},{"#f":5}],"#f":5}],"g-3":["ev","str","^Proceed with presentation","/str","/ev",{"*":".^.c-4","flg":20},{"c-4":["^ Starting with the design section....","\n",{"->":".^.^.^.g-4"},{"#f":5}],"#f":5}],"g-4":["ev","str","^Conclude","/str","/ev",{"*":".^.c-5","flg":20},{"c-5":["^ To conclude the current results shows..","\n",["ev","str","^Closing","/str","/ev",{"*":".^.c-0","flg":20},{"c-0":["^ Thank you all for your time and attention, are there any questoins? ","\n",[["ev",{"^->":"Divert1.0.g-4.c-5.2.c-0.2.0.$r1"},{"temp=":"$r"},"str",{"->":".^.s"},[{"#n":"$r1"}],"/str","/ev",{"*":".^.^.c-0","flg":18},{"s":["^Close",{"->":"$r","var":true},null]}],{"c-0":["ev",{"^->":"Divert1.0.g-4.c-5.2.c-0.2.c-0.$r2"},"/ev",{"temp=":"$r"},{"->":".^.^.0.s"},[{"#n":"$r2"}],{"->":"EndPart"},"\n",{"#f":5}]}],{"#f":5}]}],{"#f":5}],"#f":5}]}],{"#f":1}],"EndPart":["end",{"#f":1}],"#f":1}],"listDefs":{}}